State_Name,District_Name,latitude,longitude
Andaman and Nicobar Islands,NICOBARS,12.137838599999998,92.78590585
Andaman and Nicobar Islands,NORTH AND MIDDLE ANDAMAN,12.6112387,92.8316541
Andaman and Nicobar Islands,SOUTH ANDAMANS,12.137838599999998,92.78590585
Andhra Pradesh,ANANTAPUR,14.6783221,77.6065039
Andhra Pradesh,CHITTOOR,13.325036,79.6480611
Andhra Pradesh,EAST GODAVARI,16.9956639,81.7154378
Andhra Pradesh,GUNTUR,16.2915189,80.4541588
Andhra Pradesh,KADAPA,14.4752936,78.8216861
Andhra Pradesh,KRISHNA,16.2135466,81.0277844
Andhra Pradesh,KURNOOL,15.8309251,78.0425373
Andhra Pradesh,PRAKASAM,15.5641955,80.0066786
Andhra Pradesh,SPSR NELLORE,14.557001,79.7234781
Andhra Pradesh,SRIKAKULAM,18.2949307,83.8938844
Andhra Pradesh,VISAKHAPATANAM,16.036756843750002,80.5189369125
Andhra Pradesh,VIZIANAGARAM,18.1141255,83.4114389
Andhra Pradesh,WEST GODAVARI,16.6443029,81.5885247
Arunachal Pradesh,ANJAW,28.1553856,96.8407212
Arunachal Pradesh,CHANGLANG,27.2698797,96.0602442
Arunachal Pradesh,DIBANG VALLEY,28.8291044,95.9554096
Arunachal Pradesh,EAST KAMENG,27.557781,93.0753012
Arunachal Pradesh,EAST SIANG,28.0742219,95.4178149
Arunachal Pradesh,KURUNG KUMEY,27.9863677,93.1578347
Arunachal Pradesh,LOHIT,28.0350162,96.1713515
Arunachal Pradesh,LONGDING,26.8794546,95.3155652
Arunachal Pradesh,LOWER DIBANG VALLEY,28.2149563,95.878774
Arunachal Pradesh,LOWER SUBANSIRI,27.6059753,93.8669707
Arunachal Pradesh,NAMSAI,27.7140306,96.0159709
Arunachal Pradesh,PAPUM PARE,27.2863667,93.6187716
Arunachal Pradesh,TAWANG,27.5879186,91.863733
Arunachal Pradesh,TIRAP,27.030169,95.4979175
Arunachal Pradesh,UPPER SIANG,28.7312046,95.0377315
Arunachal Pradesh,UPPER SUBANSIRI,28.2596054,94.0938106
Arunachal Pradesh,WEST KAMENG,27.2915853,92.4619174
Arunachal Pradesh,WEST SIANG,28.1970922,94.48407
Assam,BAKSA,26.6275689,91.3388551
Assam,BARPETA,26.345941,91.039708
Assam,BONGAIGAON,26.4800126,90.5580387
Assam,CACHAR,24.75864,92.8816648
Assam,CHIRANG,26.6464231,90.624157
Assam,DARRANG,26.4373481,92.0047145
Assam,DHEMAJI,27.5945155,94.7192098
Assam,DHUBRI,26.132275,90.1249962
Assam,DIBRUGARH,27.4844597,94.9019447
Assam,DIMA HASAO,25.4003625,93.0752292
Assam,GOALPARA,26.0491877,90.6001859
Assam,GOLAGHAT,26.5108262,93.9743686
Assam,HAILAKANDI,24.6846916,92.5645836
Assam,JORHAT,26.7577925,94.2079645
Assam,KAMRUP,26.1468861,91.2227397
Assam,KAMRUP METRO,26.1161377,91.7973256
Assam,KARBI ANGLONG,26.0712781,93.4552969
Assam,KARIMGANJ,24.5828196,92.3725487
Assam,KOKRAJHAR,26.4912104,90.1215209
Assam,LAKHIMPUR,27.1763356,94.1992932
Assam,MARIGAON,26.290712,92.2922184
Assam,NAGAON,26.3313646,92.7524763
Assam,NALBARI,26.3533632,91.3983662
Assam,SIVASAGAR,26.9834936,94.6394226
Assam,SONITPUR,26.7677707,92.7014089
Assam,TINSUKIA,27.4879722,95.3601855
Assam,UDALGURI,26.7047238,92.0421507
Bihar,ARARIA,26.1346459,87.4654062
Bihar,ARWAL,25.1812832,84.6596648
Bihar,AURANGABAD,24.8033201,84.4110198
Bihar,BANKA,24.8328273,86.8161114
Bihar,BEGUSARAI,25.5125411,86.0883392
Bihar,BHAGALPUR,25.2861354,87.1304229
Bihar,BHOJPUR,25.4501182,84.5635193
Bihar,BUXAR,25.5044834,84.1097525
Bihar,DARBHANGA,26.08299,86.0324951
Bihar,GAYA,24.7964355,85.0079563
Bihar,GOPALGANJ,26.4211166,84.3739133
Bihar,JAMUI,24.7562514,86.3011128
Bihar,JEHANABAD,25.1529579,85.0065043
Bihar,KAIMUR (BHABUA),25.0402736,83.6076361
Bihar,KATIHAR,25.5586421,87.6457196
Bihar,KHAGARIA,25.4930513,86.6982264
Bihar,KISHANGANJ,26.2984144,87.9466715
Bihar,LAKHISARAI,25.1543938,86.1744959
Bihar,MADHEPURA,25.7806118,86.9364753
Bihar,MADHUBANI,26.3503076,86.2296424
Bihar,MUNGER,25.2202864,86.5161484
Bihar,MUZAFFARPUR,26.1482548,85.3316097
Bihar,NALANDA,25.1364914,85.4436546
Bihar,NAWADA,24.8173249,85.5179085
Bihar,PASHCHIM CHAMPARAN,27.0,84.5
Bihar,PATNA,25.6093239,85.1235252
Bihar,PURBI CHAMPARAN,26.6465969,84.9091552
Bihar,PURNIA,25.7758723,87.4087667
Bihar,ROHTAS,24.9394143,84.0197031
Bihar,SAHARSA,25.8330757,86.6143751
Bihar,SAMASTIPUR,25.7747885,85.8672314
Bihar,SARAN,25.9214451,84.7759731
Bihar,SHEIKHPURA,25.1250741,85.8160771
Bihar,SHEOHAR,26.4934234,85.2717561
Bihar,SITAMARHI,26.5942841,85.500428
Bihar,SIWAN,26.131008,84.3910745
Bihar,SUPAUL,26.2768089,86.7959614
Bihar,VAISHALI,25.7491703,85.3972164
Chandigarh,CHANDIGARH,30.7334421,76.7797143
Chhattisgarh,BALOD,20.7277192,81.1446948
Chhattisgarh,BALODA BAZAR,21.5731848,82.2994821
Chhattisgarh,BALRAMPUR,23.6282576,83.4810916
Chhattisgarh,BASTAR,19.1191283,81.8291865
Chhattisgarh,BEMETARA,21.6783867,81.4412578
Chhattisgarh,BIJAPUR,18.7935679,80.815939
Chhattisgarh,BILASPUR,22.1638486,82.1365923
Chhattisgarh,DANTEWADA,18.8640648,81.3833947
Chhattisgarh,DHAMTARI,20.5326259,81.7155987
Chhattisgarh,DURG,21.1982964,81.4007922
Chhattisgarh,GARIYABAND,20.5267561,82.1917217
Chhattisgarh,JANJGIR-CHAMPA,21.986403,82.5536606
Chhattisgarh,JASHPUR,22.770251,83.9708013
Chhattisgarh,KABIRDHAM,22.1150085,81.2446944
Chhattisgarh,KANKER,20.2692747,81.4932111
Chhattisgarh,KONDAGAON,19.5885769,81.6628742
Chhattisgarh,KORBA,22.5198217,82.6350029
Chhattisgarh,KOREA,23.2382999,82.3906588
Chhattisgarh,MAHASAMUND,21.1922846,82.4890263
Chhattisgarh,MUNGELI,22.0661098,81.6874282
Chhattisgarh,NARAYANPUR,19.5842032,81.1136986
Chhattisgarh,RAIGARH,22.2361795,83.3529534
Chhattisgarh,RAIPUR,21.2380912,81.6336993
Chhattisgarh,RAJNANDGAON,21.0684425,80.7970779
Chhattisgarh,SUKMA,18.2665423,81.2925234
Chhattisgarh,SURAJPUR,23.3577769,82.9761277
Chhattisgarh,SURGUJA,22.9469135,83.1656942
Dadra and Nagar Haveli,DADRA AND NAGAR HAVELI,20.233792,73.0495173
Goa,NORTH GOA,15.6038925,73.9967006
Goa,SOUTH GOA,15.2197327,74.1147213
Gujarat,AHMADABAD,23.0215374,72.5800568
Gujarat,AMRELI,21.4176122,71.249609
Gujarat,ANAND,22.5586555,72.9627227
Gujarat,BANAS KANTHA,24.269387,72.5367513
Gujarat,BHARUCH,21.7080427,72.9956936
Gujarat,BHAVNAGAR,21.7718836,72.1416449
Gujarat,DANG,20.7881718,73.7092033
Gujarat,DOHAD,22.33295143870968,72.14706083225806
Gujarat,GANDHINAGAR,23.2232877,72.6492267
Gujarat,JAMNAGAR,22.4732415,70.0552102
Gujarat,JUNAGADH,21.5220416,70.4582458
Gujarat,KACHCHH,23.583333,70.0
Gujarat,KHEDA,22.8532503,72.9953586
Gujarat,MAHESANA,23.6015557,72.3867981
Gujarat,NARMADA,21.7392624,73.6262458
Gujarat,NAVSARI,20.952407,72.9323831
Gujarat,PANCH MAHALS,23.0,74.0
Gujarat,PATAN,23.773753,71.6798581
Gujarat,PORBANDAR,21.6029751,69.8538067
Gujarat,RAJKOT,22.3053263,70.8028377
Gujarat,SABAR KANTHA,23.5,73.25
Gujarat,SURAT,21.2094892,72.8317058
Gujarat,SURENDRANAGAR,22.8251395,71.6209736
Gujarat,TAPI,21.1916567,73.5560631
Gujarat,VADODARA,22.2973142,73.1942567
Gujarat,VALSAD,20.4321957,73.1409893
Haryana,AMBALA,30.3843674,76.770421
Haryana,BHIWANI,28.7931703,76.1391283
Haryana,FARIDABAD,28.4031478,77.3105561
Haryana,FATEHABAD,29.5359209,75.5752901
Haryana,GURGAON,28.4646148,77.0299194
Haryana,HISAR,29.2396596,75.8174505
Haryana,JHAJJAR,28.5964461,76.6505366
Haryana,JIND,29.3152073,76.314082
Haryana,KAITHAL,29.7996588,76.3989903
Haryana,KARNAL,29.7255766,76.9106924
Haryana,KURUKSHETRA,29.9693747,76.8482787
Haryana,MAHENDRAGARH,28.1326971,76.1697448
Haryana,MEWAT,27.9935177,77.0419634
Haryana,PALWAL,28.0599426,77.3223422
Haryana,PANCHKULA,30.6975401,76.8551066
Haryana,PANIPAT,29.3912753,76.9771675
Haryana,REWARI,28.1956468,76.6165179
Haryana,ROHTAK,28.9010899,76.5801935
Haryana,SIRSA,29.6063041,74.9036568
Haryana,SONIPAT,28.9953758,77.0233627
Haryana,YAMUNANAGAR,30.1231349,77.286329
Himachal Pradesh,BILASPUR,31.3380959,76.7611631
Himachal Pradesh,CHAMBA,32.6923316,76.1631552
Himachal Pradesh,HAMIRPUR,31.6539866,76.5403633
Himachal Pradesh,KANGRA,32.0768665,76.2985872
Himachal Pradesh,KINNAUR,31.593013,78.3281417
Himachal Pradesh,KULLU,31.9578974,77.1089232
Himachal Pradesh,LAHUL AND SPITI,32.509934,77.0243657
Himachal Pradesh,MANDI,31.6516617,77.0092542
Himachal Pradesh,SHIMLA,31.1040393,77.1707923
Himachal Pradesh,SIRMAUR,30.6991321,77.4465304
Himachal Pradesh,SOLAN,30.9077569,77.1023645
Himachal Pradesh,UNA,31.5834642,76.2351452
Jammu and Kashmir,ANANTNAG,33.74611,75.1854475
Jammu and Kashmir,BADGAM,34.0385248,74.7360163
Jammu and Kashmir,BANDIPORA,34.4232433,74.635965
Jammu and Kashmir,BARAMULLA,34.2086903,74.343498
Jammu and Kashmir,DODA,33.13261,75.5890079
Jammu and Kashmir,GANDERBAL,34.2889322,75.0407983
Jammu and Kashmir,JAMMU,32.7185614,74.8580917
Jammu and Kashmir,KARGIL,32.7045476,74.871206
Jammu and Kashmir,KATHUA,32.3765524,75.5243044
Jammu and Kashmir,KISHTWAR,33.61562,75.8793972
Jammu and Kashmir,KULGAM,33.6446899,75.0188432
Jammu and Kashmir,KUPWARA,34.5140696,74.191367
Jammu and Kashmir,LEH LADAKH,33.52750593809524,74.91785525714286
Jammu and Kashmir,POONCH,33.7670004,74.0957143
Jammu and Kashmir,PULWAMA,33.9490472,75.0418335
Jammu and Kashmir,RAJAURI,33.3772495,74.3132332
Jammu and Kashmir,RAMBAN,33.2116371,75.2050989
Jammu and Kashmir,REASI,33.0691032,74.8378698
Jammu and Kashmir,SAMBA,32.5759118,75.1203446
Jammu and Kashmir,SHOPIAN,33.718807,74.8333311
Jammu and Kashmir,SRINAGAR,34.0747444,74.8204443
Jammu and Kashmir,UDHAMPUR,32.9219726,75.1331482
Jharkhand,BOKARO,23.6991279,85.9910689
Jharkhand,CHATRA,24.1062317,84.8623379
Jharkhand,DEOGHAR,24.4898318,86.6990182
Jharkhand,DHANBAD,23.7952809,86.4309638
Jharkhand,DUMKA,24.2677937,87.2485495
Jharkhand,EAST SINGHBUM,23.82765495217392,85.71938794782609
Jharkhand,GARHWA,24.053577,83.6526818
Jharkhand,GIRIDIH,24.3314547,86.1548117
Jharkhand,GODDA,24.8645886,87.2984838
Jharkhand,GUMLA,23.1603759,84.4599565
Jharkhand,HAZARIBAGH,24.0866962,85.4912231
Jharkhand,JAMTARA,23.9801639,86.9243637
Jharkhand,KHUNTI,22.9281801,85.2814475
Jharkhand,KODERMA,24.4931239,85.5560811
Jharkhand,LATEHAR,23.6880057,84.4969551
Jharkhand,LOHARDAGA,23.4770044,84.6986684
Jharkhand,PAKUR,24.5325909,87.593232
Jharkhand,PALAMU,24.2212983,84.1725565
Jharkhand,RAMGARH,23.693479,85.5215989
Jharkhand,RANCHI,23.3700501,85.3250387
Jharkhand,SAHEBGANJ,25.0320437,87.691764
Jharkhand,SARAIKELA KHARSAWAN,22.7464225,85.9168929
Jharkhand,SIMDEGA,22.5904573,84.5464805
Jharkhand,WEST SINGHBHUM,22.4282857,85.5317483
Karnataka,BAGALKOT,16.1793224,75.6999315
Karnataka,BANGALORE RURAL,13.0010872,77.3361225
Karnataka,BELGAUM,15.8572666,74.5069343
Karnataka,BELLARY,15.1430224,76.9173277
Karnataka,BENGALURU URBAN,12.9461554,77.5503844
Karnataka,BIDAR,18.0207297,77.2487204
Karnataka,BIJAPUR,16.8269911,75.7175387
Karnataka,CHAMARAJANAGAR,11.9544201,77.1069086
Karnataka,CHIKBALLAPUR,13.4274405,77.7321433
Karnataka,CHIKMAGALUR,13.318014,75.7738743
Karnataka,CHITRADURGA,14.3049174,76.5296667
Karnataka,DAKSHIN KANNAD,14.486068804761905,76.32426788095238
Karnataka,DAVANGERE,14.4661266,75.9206361
Karnataka,DHARWAD,15.3707296,75.1332867
Karnataka,GADAG,15.416692,75.6815801
Karnataka,GULBARGA,17.3310003,76.8334228
Karnataka,HASSAN,13.0301852,76.1744968
Karnataka,HAVERI,14.7180268,75.3656423
Karnataka,KODAGU,12.3827332,75.6640715
Karnataka,KOLAR,13.1805066,78.2669329
Karnataka,KOPPAL,15.5748238,76.3118494
Karnataka,MANDYA,12.6368939,76.7275477
Karnataka,MYSORE,12.3051828,76.6553609
Karnataka,RAICHUR,16.0547194,76.9003647
Karnataka,RAMANAGARA,12.720006,77.3184199
Karnataka,SHIMOGA,14.0556503,75.2380553
Karnataka,TUMKUR,13.3400771,77.1006208
Karnataka,UDUPI,13.5269784,74.8731879
Karnataka,UTTAR KANNAD,14.486068804761905,76.32426788095238
Karnataka,YADGIR,16.5744123,76.9254434
Kerala,ALAPPUZHA,9.5003416,76.4123364
Kerala,ERNAKULAM,9.9837257,76.2740001
Kerala,IDUKKI,9.8154785,76.9991599
Kerala,KANNUR,11.8763836,75.3737973
Kerala,KASARAGOD,12.4221964,75.1904446
Kerala,KOLLAM,8.8870533,76.5906696
Kerala,KOTTAYAM,9.6287383,76.6455326
Kerala,KOZHIKODE,11.2450558,75.7754716
Kerala,MALAPPURAM,11.1068448,76.1099551
Kerala,PALAKKAD,10.7873692,76.4742172
Kerala,PATHANAMTHITTA,9.2780841,76.9737443
Kerala,THIRUVANANTHAPURAM,8.4882267,76.947551
Kerala,THRISSUR,10.5270099,76.214621
Kerala,WAYANAD,11.7151291,76.1271185
Madhya Pradesh,AGAR MALWA,23.935092,76.1449595
Madhya Pradesh,ALIRAJPUR,22.2859525,74.3545628
Madhya Pradesh,ANUPPUR,23.0346179,81.7510255
Madhya Pradesh,ASHOKNAGAR,24.6186095,77.8786983
Madhya Pradesh,BALAGHAT,21.8611589,80.3237105
Madhya Pradesh,BARWANI,21.7514248,74.8915957
Madhya Pradesh,BETUL,21.8797472,77.8753651
Madhya Pradesh,BHIND,26.3518828,78.6863189
Madhya Pradesh,BHOPAL,23.2584857,77.401989
Madhya Pradesh,BURHANPUR,21.334867,76.3708803
Madhya Pradesh,CHHATARPUR,24.7606089,79.6781776
Madhya Pradesh,CHHINDWARA,22.2071897,78.798833
Madhya Pradesh,DAMOH,23.7981005,79.5419356
Madhya Pradesh,DATIA,25.9182947,78.6644962
Madhya Pradesh,DEWAS,22.8057498,76.2940408
Madhya Pradesh,DHAR,22.5786572,75.2258637
Madhya Pradesh,DINDORI,22.9070871,80.8846924
Madhya Pradesh,GUNA,24.5001772,77.2600959
Madhya Pradesh,GWALIOR,26.2037247,78.1573628
Madhya Pradesh,HARDA,22.2427973,77.1179173
Madhya Pradesh,HOSHANGABAD,22.7545538,77.7198249
Madhya Pradesh,INDORE,22.7203616,75.8681996
Madhya Pradesh,JABALPUR,23.1701522,79.9324505
Madhya Pradesh,JHABUA,22.8869652,74.7243249
Madhya Pradesh,KATNI,23.7176393,80.2610181
Madhya Pradesh,KHANDWA,21.9769779,76.5675344
Madhya Pradesh,KHARGONE,21.9544729,75.7521248
Madhya Pradesh,MANDLA,22.6871074,80.5816341
Madhya Pradesh,MANDSAUR,24.2628148,75.385692
Madhya Pradesh,MORENA,26.3849794,77.8612721
Madhya Pradesh,NARSINGHPUR,22.934556,79.0867849
Madhya Pradesh,NEEMUCH,24.6305517,75.1829
Madhya Pradesh,PANNA,24.4498931,80.1462723
Madhya Pradesh,RAISEN,23.2675909,78.1727134
Madhya Pradesh,RAJGARH,23.8716707,76.7744703
Madhya Pradesh,RATLAM,23.5022201,74.9551534
Madhya Pradesh,REWA,24.7560846,81.3810574
Madhya Pradesh,SAGAR,23.8083076,78.758254
Madhya Pradesh,SATNA,24.6954445,80.7770348
Madhya Pradesh,SEHORE,23.1150041,77.0665356
Madhya Pradesh,SEONI,22.2748109,79.7202522
Madhya Pradesh,SHAHDOL,23.3002343,81.364771
Madhya Pradesh,SHAJAPUR,23.4171002,76.6074794
Madhya Pradesh,SHEOPUR,25.7499267,76.9212945
Madhya Pradesh,SHIVPURI,25.3741216,77.8278866
Madhya Pradesh,SIDHI,24.2112687,81.7000415
Madhya Pradesh,SINGRAULI,24.2431343,82.3827672
Madhya Pradesh,TIKAMGARH,24.8552105,79.0472546
Madhya Pradesh,UJJAIN,23.1885131,75.7716562
Madhya Pradesh,UMARIA,23.6431837,80.9419078
Madhya Pradesh,VIDISHA,23.8463004,77.8370209
Maharashtra,AHMEDNAGAR,19.1627725,74.8580243
Maharashtra,AKOLA,20.7618123,77.1921157
Maharashtra,AMRAVATI,21.1545412,77.6442962
Maharashtra,AURANGABAD,19.877263,75.3390241
Maharashtra,BEED,18.9918442,75.909784
Maharashtra,BHANDARA,21.1225869,79.794509
Maharashtra,BULDHANA,20.562845,76.4086986
Maharashtra,CHANDRAPUR,20.0967555,79.5045475
Maharashtra,DHULE,21.1305215,74.4900614
Maharashtra,GADCHIROLI,19.7590704,80.1622807
Maharashtra,GONDIA,21.455228,80.1962729
Maharashtra,HINGOLI,19.5431164,77.1739432
Maharashtra,JALGAON,20.8428827,75.5261246
Maharashtra,JALNA,19.918833,75.8708599
Maharashtra,KOLHAPUR,16.7028412,74.2405329
Maharashtra,LATUR,18.3553347,76.7548997
Maharashtra,MUMBAI,19.054999,72.8692035
Maharashtra,NAGPUR,21.1498134,79.0820556
Maharashtra,NANDED,19.0942729,77.4832628
Maharashtra,NANDURBAR,21.5141622,74.5405513
Maharashtra,NASHIK,20.0112475,73.7902364
Maharashtra,OSMANABAD,18.2822454,76.0588166
Maharashtra,PALGHAR,19.757249,73.0931199
Maharashtra,PARBHANI,19.2901981,76.6026443
Maharashtra,PUNE,18.5213738,73.8545071
Maharashtra,RAIGAD,18.4928092,73.138071
Maharashtra,RATNAGIRI,17.2826079,73.4569787
Maharashtra,SANGLI,17.1726928,74.5867654
Maharashtra,SATARA,17.6361289,74.2982781
Maharashtra,SINDHUDURG,16.1357193,73.6522086
Maharashtra,SOLAPUR,17.8499067,75.2763203
Maharashtra,THANE,19.3653598,73.3685437
Maharashtra,WARDHA,20.8256231,78.6131455
Maharashtra,WASHIM,20.2874178,77.2369655
Maharashtra,YAVATMAL,20.0638677,78.3565663
Manipur,BISHNUPUR,24.6267287,93.7600454
Manipur,CHANDEL,24.3312009,94.0011081
Manipur,CHURACHANDPUR,24.3468839,93.6994143
Manipur,IMPHAL EAST,24.8328129,94.0166864
Manipur,IMPHAL WEST,24.7590802,93.8617365
Manipur,SENAPATI,25.3933697,94.1501773
Manipur,TAMENGLONG,24.9858596,93.5039967
Manipur,THOUBAL,24.6386954,93.996871
Manipur,UKHRUL,25.0982654,94.363167
Meghalaya,EAST GARO HILLS,25.6184946,90.6342162
Meghalaya,EAST JAINTIA HILLS,25.2515761,92.4840501
Meghalaya,EAST KHASI HILLS,25.4023736,91.8317178
Meghalaya,NORTH GARO HILLS,25.8619841,90.7017705
Meghalaya,RI BHOI,25.8764026,91.8567574
Meghalaya,SOUTH GARO HILLS,25.347969,90.5657773
Meghalaya,SOUTH WEST GARO HILLS,25.444631,89.9969655
Meghalaya,SOUTH WEST KHASI HILLS,25.3307221,91.3217388
Meghalaya,WEST GARO HILLS,25.6065343,90.2038335
Meghalaya,WEST JAINTIA HILLS,25.4425965,92.2988275
Meghalaya,WEST KHASI HILLS,25.5814429,91.0851094
Mizoram,AIZAWL,23.7277631,92.7179947
Mizoram,CHAMPHAI,23.6317319,93.3493185
Mizoram,KOLASIB,24.1905469,92.7136595
Mizoram,LAWNGTLAI,22.3913377,92.7397189
Mizoram,LUNGLEI,22.9519972,92.6338827
Mizoram,MAMIT,23.7564387,92.4515374
Mizoram,SAIHA,22.2876724,93.01336
Mizoram,SERCHHIP,23.3052514,92.8455124
Nagaland,DIMAPUR,25.9041379,93.7177609
Nagaland,KIPHIRE,25.8117088,94.8474036
Nagaland,KOHIMA,25.6618755,94.1019156
Nagaland,LONGLENG,26.5839315,94.8045481
Nagaland,MOKOKCHUNG,26.4795861,94.5105275
Nagaland,MON,26.666667,95.0
Nagaland,PEREN,25.4499691,93.6001738
Nagaland,PHEK,25.6700924,94.3843925
Nagaland,TUENSANG,26.2342107,94.741553
Nagaland,WOKHA,26.242251,94.1921153
Nagaland,ZUNHEBOTO,26.0123803,94.5123719
Odisha,ANUGUL,20.8411255,85.0804007
Odisha,BALANGIR,20.6095183,83.1673029
Odisha,BALESHWAR,21.5197916,86.8790638
Odisha,BARGARH,21.2319922,83.5652737
Odisha,BHADRAK,20.9854052,86.5934226
Odisha,BOUDH,20.6407463,83.9969704
Odisha,CUTTACK,20.4686,85.8792
Odisha,DEOGARH,21.5370786,84.7301184
Odisha,DHENKANAL,20.8351494,85.6022305
Odisha,GAJAPATI,19.1966026,84.1930634
Odisha,GANJAM,19.6090068,84.7080633
Odisha,JAGATSINGHAPUR,20.1801473,86.3414874
Odisha,JAJAPUR,20.8277892,86.3798353
Odisha,JHARSUGUDA,21.8019368,83.9713964
Odisha,KALAHANDI,19.8265757,83.0408702
Odisha,KANDHAMAL,20.1306939,84.0790476
Odisha,KENDRAPARA,20.5475164,86.5296168
Odisha,KENDUJHAR,21.5892323,85.6687841
Odisha,KHORDHA,20.0538149,85.5023308
Odisha,KORAPUT,18.7232023,82.6100596
Odisha,MALKANGIRI,18.2744685,81.9520316
Odisha,MAYURBHANJ,21.9156338,86.3961824
Odisha,NABARANGPUR,19.228896,82.5665715
Odisha,NAYAGARH,20.2393682,85.050728
Odisha,NUAPADA,20.5412657,82.5292352
Odisha,PURI,19.8076083,85.8252538
Odisha,RAYAGADA,19.4426698,83.5873053
Odisha,SAMBALPUR,21.5570606,84.1528515
Odisha,SONEPUR,20.8453864,83.909083
Odisha,SUNDARGARH,22.0605153,83.9359154
Puducherry,KARAIKAL,10.91571,79.8375761
Puducherry,MAHE,11.7021978,75.5364701
Puducherry,PONDICHERRY,11.9340568,79.8306447
Puducherry,YANAM,16.7385032,82.2106199
Punjab,AMRITSAR,31.6356659,74.8787496
Punjab,BARNALA,30.3716802,75.5039887
Punjab,BATHINDA,30.1794814,75.0471098
Punjab,FARIDKOT,30.6014507,74.7950176
Punjab,FATEHGARH SAHIB,30.6634042,76.3803
Punjab,FAZILKA,30.3198406,74.1217943
Punjab,FIROZEPUR,30.870457877272727,75.50011736363636
Punjab,GURDASPUR,31.9037264,75.2275587
Punjab,HOSHIARPUR,31.6092942,75.8459754
Punjab,JALANDHAR,31.2922312,75.5678878
Punjab,KAPURTHALA,31.3856476,75.3053304
Punjab,LUDHIANA,30.9090157,75.851601
Punjab,MANSA,29.8764133,75.4889564
Punjab,MOGA,30.7877554,75.159359
Punjab,MUKTSAR,30.4692,74.5182
Punjab,NAWANSHAHR,31.126969,76.1598988
Punjab,PATHANKOT,32.3021899,75.6589406
Punjab,PATIALA,30.2092778,76.3397231
Punjab,RUPNAGAR,31.0917102,76.5289701
Punjab,S.A.S NAGAR,30.676694,76.7084883
Punjab,SANGRUR,30.135717,75.8533326
Punjab,TARN TARAN,31.3212453,74.8416687
Rajasthan,AJMER,26.4691,74.639
Rajasthan,ALWAR,27.4140049,76.6170387
Rajasthan,BANSWARA,23.4915047,74.3502172
Rajasthan,BARAN,24.9208165,76.6821985
Rajasthan,BARMER,25.5814853,71.1924922
Rajasthan,BHARATPUR,27.0246959,77.2920116
Rajasthan,BHILWARA,25.470994,74.6961316
Rajasthan,BIKANER,28.0159286,73.3171367
Rajasthan,BUNDI,25.4367659,75.7361471
Rajasthan,CHITTORGARH,24.7171578,74.4718129
Rajasthan,CHURU,28.2047781,74.6912996
Rajasthan,DAUSA,26.8048659,76.4437457
Rajasthan,DHOLPUR,26.7010642,77.896749
Rajasthan,DUNGARPUR,23.8538893,73.7087177
Rajasthan,GANGANAGAR,25.9061389,76.4815499
Rajasthan,HANUMANGARH,29.3659533,74.298429
Rajasthan,JAIPUR,26.9154576,75.8189817
Rajasthan,JAISALMER,27.0264162,70.777512
Rajasthan,JALORE,25.2093482,72.3178889
Rajasthan,JHALAWAR,24.3132368,76.5221078
Rajasthan,JHUNJHUNU,28.0798944,75.5424211
Rajasthan,JODHPUR,26.2967719,73.0351433
Rajasthan,KARAULI,26.5158329,77.0565965
Rajasthan,KOTA,25.1737019,75.8574194
Rajasthan,NAGAUR,26.9873443,73.7389011
Rajasthan,PALI,25.4552211,73.419389
Rajasthan,PRATAPGARH,24.0232221,74.6250275
Rajasthan,RAJSAMAND,25.2892459,73.8241077
Rajasthan,SAWAI MADHOPUR,26.2290186,76.3043561
Rajasthan,SIKAR,27.6624156,75.0279971
Rajasthan,SIROHI,24.8114047,72.8300257
Rajasthan,TONK,26.1223198,75.6632235
Rajasthan,UDAIPUR,24.578721,73.6862571
Sikkim,EAST DISTRICT,27.3338349,88.614658
Sikkim,NORTH DISTRICT,27.666667,88.5
Sikkim,SOUTH DISTRICT,27.333333,88.416667
Sikkim,WEST DISTRICT,27.9820852,88.6848163
Tamil Nadu,ARIYALUR,11.1530559,79.2585797
Tamil Nadu,COIMBATORE,11.0018115,76.9628425
Tamil Nadu,CUDDALORE,11.5202071,79.3396356
Tamil Nadu,DHARMAPURI,12.1456131,78.1132217
Tamil Nadu,DINDIGUL,10.4256897,77.815664
Tamil Nadu,ERODE,11.4905282,77.3505274
Tamil Nadu,KANCHIPURAM,12.9647163,79.9839686
Tamil Nadu,KANNIYAKUMARI,8.3279814,77.3541173
Tamil Nadu,KARUR,10.8217671,78.3828654
Tamil Nadu,KRISHNAGIRI,12.5152075,78.0093769
Tamil Nadu,MADURAI,9.9261153,78.1140983
Tamil Nadu,NAGAPATTINAM,10.6026203,79.7619348
Tamil Nadu,NAMAKKAL,11.3033889,78.118604
Tamil Nadu,PERAMBALUR,11.2902641,78.9300404
Tamil Nadu,PUDUKKOTTAI,10.2903072,78.8173617
Tamil Nadu,RAMANATHAPURAM,9.5205576,78.5184635
Tamil Nadu,SALEM,11.6469616,78.2106958
Tamil Nadu,SIVAGANGA,9.8486881,78.4870461
Tamil Nadu,THANJAVUR,10.659037,79.2014278
Tamil Nadu,THE NILGIRIS,11.4,76.7
Tamil Nadu,THENI,9.8692558,77.4222974
Tamil Nadu,THIRUVALLUR,13.2537619,80.0562572
Tamil Nadu,THIRUVARUR,10.6878621,79.4979437
Tamil Nadu,TIRUCHIRAPPALLI,10.8071144,78.6880939
Tamil Nadu,TIRUNELVELI,8.5495014,77.5805178
Tamil Nadu,TIRUPPUR,10.7915267,77.5325466
Tamil Nadu,TIRUVANNAMALAI,12.4289282,78.99915
Tamil Nadu,TUTICORIN,8.8052602,78.1452745
Tamil Nadu,VELLORE,12.9021849,79.061104
Tamil Nadu,VILLUPURAM,11.9398285,79.4945645
Tamil Nadu,VIRUDHUNAGAR,9.4926289,77.8631831
Telangana,ADILABAD,19.6759452,78.5339895
Telangana,HYDERABAD,17.360589,78.4740613
Telangana,KARIMNAGAR,18.4348122,79.1328042
Telangana,KHAMMAM,17.2465351,80.1500326
Telangana,MAHBUBNAGAR,16.7434538,77.9923191
Telangana,MEDAK,17.9375095,78.211745
Telangana,NALGONDA,17.0504406,79.2669235
Telangana,NIZAMABAD,18.6732693,78.0978477
Telangana,RANGAREDDI,17.920589014705882,78.94115787058823
Telangana,WARANGAL,17.9820644,79.5970954
Tripura,DHALAI,23.8253158,91.9732227
Tripura,GOMATI,23.4987407,91.2999111
Tripura,KHOWAI,23.9563913,91.642107
Tripura,NORTH TRIPURA,24.0921476,92.2451214
Tripura,SEPAHIJALA,23.6658005,91.3200275
Tripura,SOUTH TRIPURA,23.1708278,91.638817
Tripura,UNAKOTI,24.1909849,92.0460483
Tripura,WEST TRIPURA,23.9153329,91.3879341
Uttar Pradesh,AGRA,27.1752554,78.0098161
Uttar Pradesh,ALIGARH,27.8761073,78.1358153
Uttar Pradesh,ALLAHABAD,25.4381302,81.8338005
Uttar Pradesh,AMBEDKAR NAGAR,26.4045941,82.6065154
Uttar Pradesh,AMETHI,26.346274,81.6252039
Uttar Pradesh,AMROHA,28.7952632,78.3436244
Uttar Pradesh,AURAIYA,26.6558215,79.5160757
Uttar Pradesh,AZAMGARH,26.023639,83.0293105
Uttar Pradesh,BAGHPAT,29.0374779,77.3062737
Uttar Pradesh,BAHRAICH,27.7343823,81.47654
Uttar Pradesh,BALLIA,25.8749595,84.1210329
Uttar Pradesh,BALRAMPUR,27.4476988,82.3956245
Uttar Pradesh,BANDA,25.4438537,80.5595237
Uttar Pradesh,BARABANKI,26.9421406,81.3856087
Uttar Pradesh,BAREILLY,28.4582345,79.4047452
Uttar Pradesh,BASTI,26.8387083,82.5350919
Uttar Pradesh,BIJNOR,29.4074203,78.4821406
Uttar Pradesh,BUDAUN,28.0367001,79.1234
Uttar Pradesh,BULANDSHAHR,28.3874073,77.9743805
Uttar Pradesh,CHANDAULI,25.125695,83.2494601
Uttar Pradesh,CHITRAKOOT,25.217139,81.1045927
Uttar Pradesh,DEORIA,26.4239911,83.7638578
Uttar Pradesh,ETAH,27.5550357,78.5992221
Uttar Pradesh,ETAWAH,26.7155629,79.0917098
Uttar Pradesh,FAIZABAD,26.7807986,82.1486589
Uttar Pradesh,FARRUKHABAD,27.4362003,79.4894778
Uttar Pradesh,FATEHPUR,25.8348023,80.9154547
Uttar Pradesh,FIROZABAD,27.1941954,78.4604956
Uttar Pradesh,GAUTAM BUDDHA NAGAR,28.368716,77.5970121
Uttar Pradesh,GHAZIABAD,28.7749966,77.4586967
Uttar Pradesh,GHAZIPUR,25.6034863,83.5075888
Uttar Pradesh,GONDA,27.1103723,81.9238906
Uttar Pradesh,GORAKHPUR,26.6677977,83.3642334
Uttar Pradesh,HAMIRPUR,25.75,80.0
Uttar Pradesh,HAPUR,28.7166767,77.890433
Uttar Pradesh,HARDOI,27.3369978,80.0998232
Uttar Pradesh,HATHRAS,27.5724324,78.1116209
Uttar Pradesh,JALAUN,26.1048633,79.3919136
Uttar Pradesh,JAUNPUR,25.7967065,82.4888992
Uttar Pradesh,JHANSI,25.529855,78.6527802
Uttar Pradesh,KANNAUJ,26.9986675,79.6927946
Uttar Pradesh,KANPUR DEHAT,26.4585639,79.8548052
Uttar Pradesh,KANPUR NAGAR,26.4410107,80.2652803
Uttar Pradesh,KASGANJ,27.7888527,78.8229701
Uttar Pradesh,KAUSHAMBI,25.5342456,81.4493567
Uttar Pradesh,KHERI,28.116667,80.716667
Uttar Pradesh,KUSHI NAGAR,27.110596087179484,80.29231034102564
Uttar Pradesh,LALITPUR,24.6999688,78.51862
Uttar Pradesh,LUCKNOW,26.8381,80.9346001
Uttar Pradesh,MAHARAJGANJ,26.4710847,81.1807046
Uttar Pradesh,MAHOBA,25.3615939,79.706011
Uttar Pradesh,MAINPURI,27.2093072,79.0625369
Uttar Pradesh,MATHURA,27.4955539,77.6855554
Uttar Pradesh,MAU,26.0390905,83.4985846
Uttar Pradesh,MEERUT,29.0018557,77.7679671
Uttar Pradesh,MIRZAPUR,24.9316896,82.6280163
Uttar Pradesh,MORADABAD,28.8796553,78.8095335
Uttar Pradesh,MUZAFFARNAGAR,29.4496979,77.7429333
Uttar Pradesh,PILIBHIT,28.4947158,80.1076122
Uttar Pradesh,PRATAPGARH,25.75,81.75
Uttar Pradesh,RAE BARELI,26.25,81.25
Uttar Pradesh,RAMPUR,28.7934728,79.1845806
Uttar Pradesh,SAHARANPUR,29.9856799,77.5040646
Uttar Pradesh,SAMBHAL,28.4271928,78.5564546
Uttar Pradesh,SANT KABEER NAGAR,27.110596087179484,80.29231034102564
Uttar Pradesh,SANT RAVIDAS NAGAR,25.3574077,82.5002953
Uttar Pradesh,SHAHJAHANPUR,27.9128583,79.7476254
Uttar Pradesh,SHAMLI,29.4811508,77.2901344
Uttar Pradesh,SHRAVASTI,27.5083429,82.0263569
Uttar Pradesh,SIDDHARTH NAGAR,27.27547,83.0880597
Uttar Pradesh,SITAPUR,27.5026748,80.8335139
Uttar Pradesh,SONBHADRA,24.4148159,83.0637517
Uttar Pradesh,SULTANPUR,26.2604732,82.2380532
Uttar Pradesh,UNNAO,26.5673264,80.6198193
Uttar Pradesh,VARANASI,25.3356491,83.0076292
Uttarakhand,ALMORA,29.702651,79.4326318
Uttarakhand,BAGESHWAR,30.0087902,79.9280183
Uttarakhand,CHAMOLI,30.4985956,79.6190537
Uttarakhand,CHAMPAWAT,29.235032,80.1023068
Uttarakhand,DEHRADUN,30.3255646,78.0436813
Uttarakhand,HARIDWAR,29.9384473,78.1452985
Uttarakhand,NAINITAL,29.294995,79.4162511
Uttarakhand,PAURI GARHWAL,29.8473168,78.7070479
Uttarakhand,PITHORAGARH,29.585871,80.215167
Uttarakhand,RUDRA PRAYAG,29.89030816,79.20931913
Uttarakhand,TEHRI GARHWAL,30.4658181,78.4837349
Uttarakhand,UDAM SINGH NAGAR,29.89030816,79.20931913
Uttarakhand,UTTAR KASHI,29.89030816,79.20931913
West Bengal,24 PARAGANAS NORTH,24.31965519523809,88.0682448047619
West Bengal,24 PARAGANAS SOUTH,24.31965519523809,88.0682448047619
West Bengal,BANKURA,23.132377,87.2081925
West Bengal,BARDHAMAN,23.2495714,87.8681751
West Bengal,BIRBHUM,24.0621532,87.6982823
West Bengal,COOCHBEHAR,26.340623,89.4812163
West Bengal,DARJEELING,27.0377554,88.263176
Andhra Pradesh,ADILABAD,16.036756843750002,80.5189369125
Andhra Pradesh,KARIMNAGAR,16.036756843750002,80.5189369125
Andhra Pradesh,KHAMMAM,17.0760978,81.3376278
Andhra Pradesh,MAHBUBNAGAR,14.4110136,78.9746385
Andhra Pradesh,MEDAK,16.036756843750002,80.5189369125
Andhra Pradesh,NALGONDA,16.036756843750002,80.5189369125
Andhra Pradesh,NIZAMABAD,18.3019069,84.0237423
Andhra Pradesh,RANGAREDDI,16.036756843750002,80.5189369125
Andhra Pradesh,WARANGAL,16.036756843750002,80.5189369125
Daman and Diu,Daman and Diu,20.4547214,72.8632835
Delhi,Delhi,28.6138954,77.2090057
Goa,Goa,15.4989946,73.8282141
Tamil Nadu,THOOTHUKUDI,8.8457035,77.9938178
West Bengal,DINAJPUR DAKSHIN,25.385807,88.5063362
West Bengal,DINAJPUR UTTAR,25.8721428,87.961986
West Bengal,HOOGHLY,22.9099402,88.0120825
West Bengal,HOWRAH,22.5736296,88.3251045
West Bengal,JALPAIGURI,26.6262805,88.7334485
West Bengal,MALDAH,25.0977098,88.1261713
West Bengal,MEDINIPUR EAST,22.2864402,87.9181378
West Bengal,MEDINIPUR WEST,22.2788943,87.9222786
West Bengal,MURSHIDABAD,24.1745993,88.2721335
West Bengal,NADIA,23.4847374,88.5567067
West Bengal,PURBA BARDHAMAN,23.3884088,87.9606763
West Bengal,PURULIA,23.2020967,86.3228988
Punjab,S,30.2814633,75.2197311
Andaman and Nicobar Islands,Andaman and Nicobar Islands,11.6644385,92.7401576
Delhi,DELHI_TOTAL,28.6138954,77.2090057
Arunachal Pradesh,KRA DAADI,27.9635418,93.7665654
Arunachal Pradesh,SIANG,28.477492,94.8165573
Daman and Diu,DIU,20.7159534,70.9785005
Daman and Diu,DAMAN,20.4334524,72.8314443
Gujarat,ARAVALLI,23.4843216,73.3986096
Gujarat,BOTAD,22.0467098,71.6689617
Gujarat,CHHOTAUDEPUR,22.33295143870968,72.14706083225806
Gujarat,GIR SOMNATH,20.9298181,70.7627578
Gujarat,MAHISAGAR,23.1912195,73.6644398
Gujarat,DEVBHUMI DWARKA,22.2475106,68.968244
Gujarat,MORBI,22.8003959,70.886232
Haryana,CHARKI DADRI,29.158269933333333,76.59722522857143
West Bengal,ALIPURDUAR,26.4851573,89.5246926
Arunachal Pradesh,KAMLE,27.7312325,94.0964663
Arunachal Pradesh,LOWER SIANG,27.8006983,94.5650233
Maharashtra,MUMBAI SUBURBAN,19.1309844,72.8894618
Telangana,BHADRADRI,17.7166633,80.5712609
Telangana,JAGITIAL,18.7908955,78.9118341
Telangana,JANGOAN,17.7557919,79.1323896
Telangana,JAYASHANKAR,18.5159872,79.9693966
Telangana,JOGULAMBA,16.0999202,77.7341584
Telangana,KAMAREDDY,18.316551,78.0539381
Telangana,KOMARAM BHEEM ASIFABAD,19.3338189,79.4219793
Telangana,MAHABUBABAD,17.7138983,80.0413425
Telangana,MANCHERIAL,18.9812967,79.5198096
Telangana,MEDCHAL,17.6339929,78.4843146
Telangana,MULUGU,18.3145348,80.3458816
Telangana,NAGARKURNOOL,16.4157626,78.6830433
Telangana,NARAYANAPET,18.7348038,78.2625961
Telangana,NIRMAL,19.091521,78.396609
Telangana,PEDDAPALLI,18.6206531,79.4950171
Telangana,RAJANNA,18.452116,78.7645584
Telangana,SANGAREDDY,17.8684342,77.8227189
Telangana,SIDDIPET,18.0055851,78.896113
Telangana,SURYAPET,17.0800139,79.792533
Telangana,VIKARABAD,17.2702855,77.745297
Telangana,WANAPARTHY,16.2852944,77.9864473
Telangana,WARANGAL URBAN,18.0458479,79.6115471
Telangana,YADADRI,17.5840567,78.9467282
West Bengal,JHARGRAM,22.4538505,86.9949477
West Bengal,PASCHIM BARDHAMAN,23.6002978,87.3041301
West Bengal,KALIMPONG,27.0702869,88.4723676
Arunachal Pradesh,LEPARADA,27.85510548333333,94.560477275
Arunachal Pradesh,PAKKE KESSANG,27.1582856,93.1561502
Arunachal Pradesh,SHI YOMI,28.6851663,94.2367824
Assam,BISWANATH,26.7938596,93.3591936
Assam,CHARAIDEO,27.0696859,95.0642272
Assam,HOJAI,25.9629402,92.981829
Assam,MAJULI,27.0219529,94.327423
Assam,SOUTH SALMARA MANCACHAR,26.378608275,92.665337971875
Assam,WEST KARBI ANGLONG,25.8529142,92.5875681
Chhattisgarh,GAURELLA-PENDRA-MARWAHI,22.7552845,81.9022405
Karnataka,BAGALKOTE,16.2903648,75.5915819
Karnataka,BALLARI,15.3483166,76.8054883
Karnataka,BELAGAVI,16.1587846,74.888862
Karnataka,CHAMARAJANAGARA,11.9238058,76.9393558
Karnataka,CHIKKABALLAPURA,13.5897941,77.778793
Karnataka,CHIKKAMAGALURU,13.4058699,75.638758
Karnataka,DAKSHINA KANNADA,12.8226434,75.2265036
Karnataka,MYSURU,12.3041464,76.6529521
Karnataka,SHIVAMOGGA,13.9326093,75.574978
Karnataka,TUMAKURU,13.4192512,76.8810004
Karnataka,UTTARA KANNADA,14.7253795,74.6403389
Karnataka,VIJAYAPURA,16.814415,75.8933856
Karnataka,KALABURAGI,17.2408957,76.7697439
Karnataka,YADAGIRI,16.7745024,77.1270379
Laddakh,KARGIL,34.5593048,76.1255767
Madhya Pradesh,NIWARI,25.3123152,78.667564
Punjab,SHAHID BHAGAT SINGH NAGAR,30.870457877272727,75.50011736363636
Tamil Nadu,CHENNAI,13.0836939,80.270186
Tamil Nadu,KALLAKURICHI,11.7946847,79.0388211
Tamil Nadu,TENKASI,9.0933908,77.4758373
Tamil Nadu,TIRUPATHUR,12.4529622,78.5531439
Tamil Nadu,CHENGALPATTU,12.6840886,79.9836371
Tamil Nadu,RANIPET,12.9186243,79.4081921
Telangana,HANUMAKONDA,18.032699,79.4283969
Telangana,MEDCHAL MALKAJGIRI,17.5349835,78.5246387
Telangana,DADRA AND NAGAR HAVELI,17.920589014705882,78.94115787058823
Telangana,DIU,17.920589014705882,78.94115787058823
Telangana,DAMAN,17.920589014705882,78.94115787058823
Andhra Pradesh,HYDERABAD,15.8142294,78.0268079
Bihar,BOKARO,25.62834285581395,85.69692673023256
Bihar,CHATRA,26.4582702,85.9485934
Bihar,DEOGHAR,24.640031,86.6750504
Bihar,DHANBAD,25.62834285581395,85.69692673023256
Bihar,DUMKA,25.62834285581395,85.69692673023256
Bihar,EAST SINGHBUM,25.62834285581395,85.69692673023256
Bihar,GARHWA,25.62834285581395,85.69692673023256
Bihar,GIRIDIH,25.62834285581395,85.69692673023256
Bihar,GODDA,25.62834285581395,85.69692673023256
Bihar,GUMLA,25.62834285581395,85.69692673023256
Bihar,HAZARIBAGH,25.62834285581395,85.69692673023256
Bihar,KODERMA,24.531166,85.5948588
Bihar,LOHARDAGA,25.62834285581395,85.69692673023256
Bihar,PAKUR,25.62834285581395,85.69692673023256
Bihar,PALAMU,25.62834285581395,85.69692673023256
Bihar,RANCHI,25.3078962,85.4156901
Bihar,SAHEBGANJ,26.2979358,84.9280071
Bihar,WEST SINGHBHUM,25.62834285581395,85.69692673023256
Madhya Pradesh,BASTAR,23.66320958727273,78.13648058181819
Madhya Pradesh,BILASPUR,23.4325932,80.5529517
Madhya Pradesh,DANTEWADA,23.66320958727273,78.13648058181819
Madhya Pradesh,DHAMTARI,23.66320958727273,78.13648058181819
Madhya Pradesh,DURG,23.66320958727273,78.13648058181819
Madhya Pradesh,JANJGIR-CHAMPA,23.66320958727273,78.13648058181819
Madhya Pradesh,JASHPUR,23.66320958727273,78.13648058181819
Madhya Pradesh,KABIRDHAM,23.66320958727273,78.13648058181819
Madhya Pradesh,KANKER,23.66320958727273,78.13648058181819
Madhya Pradesh,KORBA,23.66320958727273,78.13648058181819
Madhya Pradesh,KOREA,22.7191593,75.8465275
Madhya Pradesh,MAHASAMUND,23.66320958727273,78.13648058181819
Madhya Pradesh,RAIPUR,26.127082,78.0592845
Madhya Pradesh,RAJNANDGAON,23.66320958727273,78.13648058181819
Madhya Pradesh,SURGUJA,23.66320958727273,78.13648058181819
Uttar Pradesh,ALMORA,27.110596087179484,80.29231034102564
Uttar Pradesh,CHAMOLI,27.110596087179484,80.29231034102564
Uttar Pradesh,DEHRADUN,28.6841412,77.4826944
Uttar Pradesh,HARIDWAR,29.5529594,78.1416903
Uttar Pradesh,NAINITAL,28.3912348,79.4214793
Uttar Pradesh,PAURI GARHWAL,29.7310124,78.5073042
Uttar Pradesh,PITHORAGARH,27.110596087179484,80.29231034102564
Uttar Pradesh,TEHRI GARHWAL,27.110596087179484,80.29231034102564
Uttar Pradesh,UDAM SINGH NAGAR,27.110596087179484,80.29231034102564
Uttar Pradesh,UTTAR KASHI,25.2939228,82.967806
Uttar Pradesh,BAGESHWAR,27.110596087179484,80.29231034102564
Uttar Pradesh,CHAMPAWAT,27.110596087179484,80.29231034102564
Uttar Pradesh,RUDRA PRAYAG,27.110596087179484,80.29231034102564
